{
    "type": "minecraft:overworld",
    "generator": {
        "type": "minecraft:flat",
        "settings": {
            "biome": "minecraft:the_void",
            "lakes": false,
            "features": false,
            "layers": [
                {
                    "height": 1,
                    "block": "minecraft:bedrock"
                },
                {
                    "height": 10,
                    "block": "minecraft:packed_ice"
                }
            ]
        }
    }
}